Massachusetts Institute of Technology (MIT) ,United States
Imperial College London,United Kingdom
University of Oxford,United Kingdom
Harvard University,United States
University of Cambridge,United Kingdom
Stanford University,United States
ETH Zurich - Swiss Federal Institute of Technology,Switzerland
National University of Singapore (NUS),Singapore
UCL,United Kingdom
California Institute of Technology (Caltech),United States
University of Pennsylvania,United States
"University of California, Berkeley (UCB)",United States
The University of Melbourne,Australia
Peking University,China (Mainland)
"Nanyang Technological University, Singapore (NTU)",Singapore
Cornell University,United States
The University of Hong Kong,Hong Kong SAR
The University of Sydney,Australia
The University of New South Wales (UNSW Sydney),Australia
Tsinghua University,China (Mainland)
University of Chicago,United States
Princeton University,United States
Yale University,United States
Université PSL,France
University of Toronto,Canada
EPFL,Switzerland
The University of Edinburgh,United Kingdom
Technical University of Munich,Germany
McGill University,Canada
The Australian National University,Australia
Seoul National University,South Korea
Johns Hopkins University,United States
The University of Tokyo,Japan
Columbia University,United States
The University of Manchester,United Kingdom
The Chinese University of Hong Kong (CUHK),Hong Kong SAR
Monash University,Australia
University of British Columbia,Canada
Fudan University,China (Mainland)
King's College London,United Kingdom
The University of Queensland,Australia
"University of California, Los Angeles (UCLA)",United States
New York University (NYU),United States
University of Michigan-Ann Arbor,United States
Shanghai Jiao Tong University,China (Mainland)
Institut Polytechnique de Paris,France
The Hong Kong University of Science and Technology,Hong Kong SAR
Zhejiang University,China (Mainland)
Delft University of Technology,Netherlands
Kyoto University,Japan
Northwestern University,United States
The London School of Economics and Political Science (LSE),United Kingdom
KAIST - Korea Advanced Institute of Science & Technology,South Korea
University of Bristol,United Kingdom
University of Amsterdam,Netherlands
Yonsei University,South Korea
The Hong Kong Polytechnic University,Hong Kong SAR
Carnegie Mellon University,United States
Ludwig-Maximilians-Universität München,Germany
Universiti Malaya (UM),Malaysia
Duke University,United States
City University of Hong Kong,Hong Kong SAR
KU Leuven,Belgium
Sorbonne University,France
The University of Auckland,New Zealand
University of Texas at Austin,United States
Korea University,South Korea
National Taiwan University (NTU),Taiwan
The University of Warwick,United Kingdom
University of Illinois at Urbana-Champaign,United States
Universidad de Buenos Aires (UBA),Argentina
"University of California, San Diego (UCSD)",United States
Université Paris-Saclay,France
KTH Royal Institute of Technology ,Sweden
Lund University,Sweden
University of Washington,United States
The University of Western Australia,Australia
University of Glasgow,United Kingdom
Brown University,United States
University of Birmingham,United Kingdom
University of Southampton,United Kingdom
The University of Adelaide,Australia
University of Leeds,United Kingdom
Ruprecht-Karls-Universität Heidelberg,Germany
Tokyo Institute of Technology (Tokyo Tech),Japan
Osaka University,Japan
"Trinity College Dublin, The University of Dublin",Ireland
University of Technology Sydney,Australia
Durham University,United Kingdom
Pennsylvania State University,United States
Purdue University,United States
Universidade de São Paulo,Brazil
Pontificia Universidad Católica de Chile (UC),Chile
Lomonosov Moscow State University,Russia
Universidad Nacional Autónoma de México (UNAM),Mexico
University of Alberta,Canada
Freie Universitaet Berlin,Germany
Pohang University of Science And Technology (POSTECH),South Korea
RWTH Aachen University,Germany
University of Copenhagen,Denmark
King Fahd University of Petroleum & Minerals,Saudi Arabia
"KIT, Karlsruhe Institute of Technology",Germany
Uppsala University,Sweden
University of St Andrews,United Kingdom
The University of Sheffield,United Kingdom
Utrecht University,Netherlands
Tohoku University,Japan
University of Nottingham,United Kingdom
Technical University of Denmark,Denmark
University of Zurich,Switzerland
Politecnico di Milano,Italy
Boston University,United States
Aalto University,Finland
Georgia Institute of Technology,United States
University of Waterloo,Canada
University of Wisconsin-Madison,United States
University of Helsinki,Finland
Indian Institute of Technology Bombay (IITB),India
University of Oslo,Norway
Queen Mary University of London,United Kingdom
Western University,Canada
Qatar University,Qatar
RMIT University,Australia
Sungkyunkwan University(SKKU),South Korea
University of Southern California,United States
Humboldt-Universität zu Berlin,Germany
University College Dublin,Ireland
Stockholm University,Sweden
Newcastle University,United Kingdom
"University of California, Davis",United States
University of Basel,Switzerland
Sapienza University of Rome,Italy
Alma Mater Studiorum - University of Bologna,Italy
Macquarie University,Australia
Nanjing University,China (Mainland)
Eindhoven University of Technology,Netherlands
University of Vienna,Austria
Universiti Kebangsaan Malaysia (UKM),Malaysia
Chalmers University of Technology,Sweden
Universidad de Chile,Chile
Lancaster University,United Kingdom
Leiden University,Netherlands
Rice University,United States
Aarhus University,Denmark
University of Science and Technology of China,China (Mainland)
Universiti Sains Malaysia (USM),Malaysia
Technische Universität Berlin (TU Berlin),Germany
Universiti Putra Malaysia (UPM),Malaysia
King Abdulaziz University (KAU),Saudi Arabia
Indian Institute of Technology Delhi (IITD),India
University of Bath,United Kingdom
Michigan State University,United States
Nagoya University,Japan
Texas A&M University,United States
University of Geneva,Switzerland
"University of North Carolina, Chapel Hill",United States
Wageningen University & Research,Netherlands
Erasmus University Rotterdam ,Netherlands
Université de Montréal ,Canada
University of Groningen,Netherlands
University of Bern,Switzerland
Hanyang University,South Korea
Al-Farabi Kazakh National University,Kazakhstan
Complutense University of Madrid,Spain
Universitat de Barcelona,Spain
University of Liverpool,United Kingdom
Kyushu University,Japan
University of Wollongong,Australia
Ghent University,Belgium
The University of Exeter,United Kingdom
University of Cape Town,South Africa
University of Reading,United Kingdom
Hokkaido University,Japan
Curtin University,Australia
Universitat Autònoma de Barcelona,Spain
McMaster University,Canada
Washington University in St. Louis,United States
"University of California, Santa Barbara (UCSB)",United States
"The University of Newcastle, Australia (UON)",Australia
Universidad de los Andes,Colombia
Universiti Teknologi Malaysia ,Malaysia
Waseda University,Japan
Hamad Bin Khalifa University,Qatar
University of York,United Kingdom
Tecnológico de Monterrey,Mexico
Cardiff University,United Kingdom
École Normale Supérieure de Lyon,France
Keio University,Japan
University of Ottawa,Canada
Technische Universität Wien,Austria
Universität Hamburg,Germany
Wuhan University,China (Mainland)
Queen's University at Kingston,Canada
University of Gothenburg,Sweden
Beijing Normal University ,China (Mainland)
Emory University,United States
Deakin University,Australia
Universidad Autónoma de Madrid,Spain
University of Calgary,Canada
Arizona State University,United States
King Saud University,Saudi Arabia
Khalifa University of Science and Technology,United Arab Emirates
Université catholique de Louvain (UCLouvain),Belgium
University of Minnesota Twin Cities,United States
Ecole des Ponts ParisTech,France
Queen's University Belfast,United Kingdom
Universitas Indonesia,Indonesia
The Ohio State University,United States
Tel Aviv University,Israel
National Tsing Hua University,Taiwan
Indian Institute of Science,India
Albert-Ludwigs-Universitaet Freiburg,Germany
Queensland University of Technology (QUT),Australia
University of Otago,New Zealand
National Cheng Kung University (NCKU),Taiwan
University of Florida,United States
La Trobe University,Australia
"University of Maryland, College Park",United States
National Yang Ming Chiao Tung University,Taiwan
Universidad Nacional de Colombia,Colombia
Vrije Universiteit Amsterdam,Netherlands
Eberhard Karls Universität Tübingen,Germany
Indian Institute of Technology Kharagpur (IIT-KGP),India
Friedrich-Alexander-Universität Erlangen-Nürnberg,Germany
Loughborough University,United Kingdom
University of Lausanne,Switzerland
Indian Institute of Technology Madras (IITM),India
Rheinische Friedrich-Wilhelms-Universität Bonn,Germany
Chulalongkorn University,Thailand
Maastricht University ,Netherlands
Universite libre de Bruxelles,Belgium
Universidade Estadual de Campinas (Unicamp),Brazil
University of Twente,Netherlands
Technische Universität Dresden,Germany
University of Waikato,New Zealand
Università di Padova,Italy
University of Aberdeen,United Kingdom
University of Rochester,United States
Gadjah Mada University,Indonesia
Massey University,New Zealand
Politecnico di Torino,Italy
Technical University of Darmstadt,Germany
Dartmouth College,United States
Victoria University of Wellington,New Zealand
University of Macau,Macau SAR
Charles University,Czech Republic
University of Sussex,United Kingdom
Vanderbilt University,United States
University of Navarra,Spain
American University of Beirut (AUB),Lebanon
Taylor's University,Malaysia
Tongji University,China (Mainland)
Hong Kong Baptist University,Hong Kong SAR
University of Göttingen,Germany
Griffith University,Australia
Bandung Institute of Technology (ITB),Indonesia
Heriot-Watt University,United Kingdom
University of Warsaw ,Poland
Case Western Reserve University,United States
University of Lisbon ,Portugal
United Arab Emirates University,United Arab Emirates
University of Canterbury | Te Whare W?nanga o Waitaha,New Zealand
Indian Institute of Technology Kanpur (IITK),India
Norwegian University of Science And Technology,Norway
UCSI University,Malaysia
Universitat Pompeu Fabra (Barcelona),Spain
University of Antwerp,Belgium
University of Witwatersrand,South Africa
Sun Yat-sen University,China (Mainland)
Universiti Teknologi PETRONAS (UTP),Malaysia
Harbin Institute of Technology,China (Mainland)
Radboud University ,Netherlands
University College Cork,Ireland
University of Galway,Ireland
Dalhousie University,Canada
University of Massachusetts Amherst,United States
University of Pittsburgh,United States
University of Porto,Portugal
Vrije Universiteit Brussel (VUB),Belgium
Ulsan National Institute of Science and Technology (UNIST),South Korea
The Hebrew University of Jerusalem,Israel
University of Strathclyde,United Kingdom
Université Paris 1 Panthéon-Sorbonne ,France
Xiamen University,China (Mainland)
Middle East Technical University,Turkey
Universidad Carlos III de Madrid (UC3M),Spain
University of Cologne,Germany
University of Leicester,United Kingdom
University of Milan,Italy
University of Surrey,United Kingdom
Swinburne University of Technology,Australia
University of Bergen,Norway
The University of Arizona,United States
University of Tasmania,Australia
Beijing Institute of Technology,China (Mainland)
Stellenbosch University,South Africa
University of Virginia,United States
Bauman Moscow State Technical University,Russia
Swansea University,United Kingdom
Huazhong University of Science and Technology,China (Mainland)
Georgetown University,United States
Sichuan University,China (Mainland)
Université Paris Cité,France
Linköping University,Sweden
Universidade Federal do Rio de Janeiro,Brazil
Aalborg University,Denmark
"University of California, Irvine",United States
Airlangga University,Indonesia
Goethe-University Frankfurt am Main,Germany
Universität Innsbruck,Austria
North Carolina State University,United States
Jagiellonian University,Poland
University of Johannesburg,South Africa
Universität Stuttgart,Germany
Quaid-i-Azam University,Pakistan
RUDN University,Russia
Shanghai University,China (Mainland)
University of Notre Dame,United States
Simon Fraser University,Canada
University of Colorado Boulder,United States
L.N. Gumilyov Eurasian National University (ENU),Kazakhstan
National Technical University of Athens,Greece
Universidad Politécnica de Madrid (UPM),Spain
University of Miami,United States
University of Southern Denmark (SDU),Denmark
Daegu Gyeongbuk Institute of Science and Technology (DGIST),South Korea
Istanbul Technical University,Turkey
Kyung Hee University,South Korea
Rutgers University–New Brunswick,United States
University of Delhi,India
Renmin (People's) University of China,China (Mainland)
American University of Sharjah,United Arab Emirates
University of East Anglia (UEA),United Kingdom
Université Grenoble Alpes,France
Indian Institute of Technology Roorkee (IITR),India
Flinders University,Australia
Lappeenranta-Lahti University of Technology LUT,Finland
Xi’an Jiaotong University,China (Mainland)
University of the Philippines,Philippines
University of Saskatchewan,Canada
University of South Australia,Australia
Brunel University London,United Kingdom
Sharif University of Technology,"Iran, Islamic Republic of"
Indian Institute of Technology Guwahati (IITG),India
Tufts University,United States
University of Oulu,Finland
Tilburg University,Netherlands
University of Naples - Federico II,Italy
University of Victoria (UVic),Canada
Cairo University,Egypt
Sciences Po ,France
"City, University of London",United Kingdom
National University of Sciences And Technology (NUST) Islamabad,Pakistan
University of Pretoria,South Africa
Indiana University Bloomington,United States
University of Coimbra,Portugal
University of Luxembourg,Luxembourg
University of Tartu,Estonia
Gwangju Institute of Science and Technology (GIST),South Korea
Pontificia Universidad Católica del Perú,Peru
University of Aveiro,Portugal
Sultan Qaboos University,Oman
Nankai University,China (Mainland)
York University,Canada
Saint Petersburg State University,Russia
University of Illinois at Chicago (UIC),United States
Westfälische Wilhelms-Universität Münster ,Germany
Mahidol University,Thailand
University of Jordan,Jordan
University of Tehran,"Iran, Islamic Republic of"
George Washington University,United States
Lincoln University ,New Zealand
Universitat Politècnica de Catalunya · BarcelonaTech (UPC),Spain
University of Turin,Italy
University of Florence,Italy
University of Turku,Finland
Tianjin University,China (Mainland)
Pontificia Universidad Javeriana,Colombia
University of Tsukuba,Japan
Technische Universität Bergakademie Freiberg,Germany
University of Kent,United Kingdom
University of Pisa,Italy
Anna University,India
 Western Sydney University,Australia
Shandong University,China (Mainland)
Universiti Brunei Darussalam (UBD),Brunei
Belarusian State University,Belarus
Universidade Nova de Lisboa,Portugal
Università Vita-Salute San Raffaele,Italy
University of Cyprus (UCY),Cyprus
Virginia Polytechnic Institute and State University,United States
National Taiwan University of Science and Technology (Taiwan Tech),Taiwan
National and Kapodistrian University of Athens,Greece
"University of California, Santa Cruz",United States
"University of Rome ""Tor Vergata""",Italy
Northeastern University,United States
Ruhr-Universität Bochum,Germany
Sejong University ,South Korea
Université de Liège,Belgium
University of Southern Queensland ,Australia
Kazan (Volga region) Federal University,Russia
Koç University,Turkey
Amirkabir University of Technology,"Iran, Islamic Republic of"
University of Canberra ,Australia
Institut National des Sciences Appliquées de Lyon (INSA),France
Satbayev University,Kazakhstan
USI - Università della Svizzera italiana,Switzerland
"Birkbeck, University of London",United Kingdom
Masaryk University,Czech Republic
HSE University,Russia
The American University in Cairo,Egypt
Auckland University of Technology (AUT),New Zealand
Graz University of Technology,Austria
Yeshiva University,United States
Concordia University,Canada
Oxford Brookes University,United Kingdom
Technion - Israel Institute of Technology,Israel
 University of Dundee,United Kingdom
Bo?aziçi University,Turkey
Czech Technical University in Prague,Czech Republic
Dublin City University,Ireland
University of Limerick,Ireland
Aston University,United Kingdom
Université Laval,Canada
National Taipei University of Technology,Taiwan
IPB University (a.k.a. Bogor Agricultural University),Indonesia
Leibniz University Hannover,Germany
Julius-Maximilians-Universität Würzburg,Germany
Central South University,China (Mainland)
University of Science and Technology Beijing,China (Mainland)
University of Electronic Science and Technology of China,China (Mainland)
Tomsk State University,Russia
University of Granada,Spain
University of Sharjah,United Arab Emirates
IE University,Spain
Iran University of Science and Technology,"Iran, Islamic Republic of"
Murdoch University,Australia
Universitat Politècnica de València,Spain
Vilnius University ,Lithuania
Singapore University of Technology and Design,Singapore
Università degli Studi di Pavia,Italy
Colorado State University,United States
Novosibirsk State University,Russia
Università Cattolica del Sacro Cuore,Italy
James Cook University,Australia
Justus-Liebig-University Giessen,Germany
Universitat de Valencia,Spain
Southern University of Science and Technology,China (Mainland)
South China University of Technology,China (Mainland)
Université de Montpellier,France
Hunan University ,China (Mainland)
Nanjing University of Science and Technology,China (Mainland)
National Taiwan Normal University,Taiwan
University of Kansas,United States
University of Stirling,United Kingdom
Moscow Institute of Physics and Technology (MIPT / Moscow Phystech),Russia
Umea University,Sweden
Université de Strasbourg,France
University of Guelph,Canada
"Stony Brook University, State University of New York",United States
Universidad de Santiago de Chile (USACH),Chile
Tampere University,Finland
Universidad de Sevilla,Spain
Macau University of Science and Technology,Macau SAR
Kobe University,Japan
Universität Konstanz,Germany
Universitat Ramon Llull,Spain
University at Buffalo SUNY,United States
Washington State University,United States
Iowa State University,United States
Ben-Gurion University of The Negev,Israel
"Essex, University of",United Kingdom
Johannes Kepler University Linz,Austria
Bangor University,United Kingdom
Hiroshima University,Japan
Universität Potsdam,Germany
Ajman University,United Arab Emirates
Bilkent University,Turkey
Indian Institute of Technology Indore (IIT Indore),India
Royal Holloway University of London,United Kingdom
Aix-Marseille University,France
Pontificia Universidad Católica Argentina,Argentina
"The University of Tennessee, Knoxville",United States
China Agricultural University ,China (Mainland)
American University of Ras Al Khaimah ( AURAK ),United Arab Emirates
National Sun Yat-sen University,Taiwan
Universität Mannheim,Germany
University of Hawai?i at M?noa,United States
Dalian University of Technology,China (Mainland)
Chung-Ang University (CAU),South Korea
Isfahan University of Technology,"Iran, Islamic Republic of"
Southeast University,China (Mainland)
UNESP,Brazil
University of Jyväskylä,Finland
Central Queensland University (CQUniversity Australia),Australia
Duy Tan University,Vietnam
Chongqing University,China (Mainland)
National Research Nuclear University MEPhI (Moscow Engineering Physics Institute),Russia
Universidad de Costa Rica,Costa Rica
"University of California, Riverside",United States
Abu Dhabi University,United Arab Emirates
Colorado School of Mines,United States
Zhengzhou University,China (Mainland)
Johannes Gutenberg Universität Mainz,Germany
University of Huddersfield,United Kingdom
University of Delaware,United States
University of Trento,Italy
Aristotle University of Thessaloniki,Greece
China University of Petroleum,China (Mainland)
SOAS University of London ,United Kingdom
Ewha Womans University,South Korea
Beihang University (former BUAA),China (Mainland)
Imam Abdulrahman Bin Faisal University (IAU) (formerly UNIVERSITY OF DAMMAM),Saudi Arabia
Prince Mohammad Bin Fahd university,Saudi Arabia
University of Milano-Bicocca ,Italy
Ateneo de Manila University,Philippines
Edith Cowan University ,Australia
INTI International University,Malaysia
Kyungpook National University,South Korea
Sabanci University,Turkey
University of Hull,United Kingdom
Ural Federal University - UrFU,Russia
Canadian University Dubai,United Arab Emirates
Pusan National University,South Korea
Universidad Austral,Argentina
Universität Jena,Germany
Missouri University of Science and Technology,United States
Universität Leipzig,Germany
University of Bayreuth,Germany
Warsaw University of Technology,Poland
Coventry University,United Kingdom
Indian Institute of Technology (BHU) Varanasi,India
University of Utah,United States
Universidad Nacional de La Plata (UNLP),Argentina
Lahore University of Management Sciences (LUMS),Pakistan
Northumbria University at Newcastle,United Kingdom
University of Bordeaux,France
University of Eastern Finland,Finland
Applied Science University - Bahrain,Bahrain
Hitotsubashi University,Japan
Sunway University,Malaysia
Université de Fribourg,Switzerland
University of Salamanca,Spain
Universidad de Zaragoza,Spain
Universidad Pontificia Comillas,Spain
University of Bradford,United Kingdom
East China University of Science and Technology,China (Mainland)
Tashkent Institute of Irrigation and Agricultural Mechanization Engineers - National Research University (TIIAME-NRU),Uzbekistan
University of Genoa,Italy
University of Iceland,Iceland
University of Windsor,Canada
Al Ain University,United Arab Emirates
University of Tabriz,"Iran, Islamic Republic of"
Hasselt University ,Belgium
Jordan University of Science & Technology,Jordan
Universiti Utara Malaysia (UUM),Malaysia
University of Dhaka,Bangladesh
University Ulm,Germany
Peter the Great St. Petersburg Polytechnic University,Russia
Ulster University,United Kingdom
Umm Al-Qura University ,Saudi Arabia
Université Claude Bernard Lyon 1,France
Universiti Teknologi Brunei,Brunei
Eötvös Loránd University,Hungary
China University of Mining and Technology,China (Mainland)
University of Connecticut,United States
Chiang Mai University,Thailand
Lebanese University,Lebanon
MGIMO University,Russia
"University of Chemistry and Technology, Prague",Czech Republic
University of Szeged,Hungary
University of the Punjab,Pakistan
Florida State University,United States
Florida International University,United States
University of Debrecen,Hungary
National Research Tomsk Polytechnic University,Russia
Sogang University,South Korea
Southern Cross University ,Australia
Universidad Adolfo Ibáñez,Chile
Jawaharlal Nehru University,India
Nanjing Agricultural University,China (Mainland)
Management and Science University,Malaysia
Politecnico di Bari,Italy
Université Paul Sabatier Toulouse III,France
Institut Teknologi Sepuluh Nopember (ITS Surabaya),Indonesia
Singapore Management University,Singapore
Bond University,Australia
Shoolini University of Biotechnology and Management Sciences,India
The University of Georgia,United States
Universiti Teknologi MARA - UiTM,Malaysia
University of Kwazulu-Natal,South Africa
Ain Shams University ,Egypt
Nottingham Trent University,United Kingdom
Universität Bremen,Germany
ITMO University,Russia
Thammasat University,Thailand
Universitas Padjadjaran,Indonesia
University of Iowa,United States
University of Ljubljana,Slovenia
University of Texas Dallas,United States
Ca' Foscari University of Venice ,Italy
Illinois Institute of Technology,United States
King Khalid University,Saudi Arabia
"Kingston University, London",United Kingdom
Manchester Metropolitan University (MMU),United Kingdom
National Chengchi University,Taiwan
Paris Lodron University of Salzburg,Austria
Rensselaer Polytechnic Institute,United States
Universität des Saarlandes,Germany
University of Crete,Greece
University of Hohenheim,Germany
University of South Carolina,United States
American University of the Middle East,Kuwait
Asia Pacific University of Technology and Innovation (APU),Malaysia
Brno University of Technology,Czech Republic
Christian-Albrechts-University zu Kiel,Germany
Eastern Mediterranean University,Northern Cyprus
Pontifícia Universidade Católica do Rio de Janeiro,Brazil
Taipei Medical University (TMU),Taiwan
University of Klagenfurt,Austria
University of Minho,Portugal
Abo Akademi University,Finland
American University in Dubai,United Arab Emirates
Auezov South Kazakhstan University (SKU),Kazakhstan
Charles Darwin University ,Australia
Istanbul University,Turkey
Beijing University of Chemical Technology,China (Mainland)
Tallinn University of Technology (TalTech),Estonia
Universidad de Alcalá,Spain
Universidad de Palermo (UP),Argentina
University of South Florida,United States
University of Tromsø The Arctic University of Norway,Norway
Zayed University,United Arab Emirates
Ajou University ,South Korea
Boston College,United States
Chang Gung University,Taiwan
Shenzhen University,China (Mainland)
Far Eastern Federal University,Russia
Inha University,South Korea
Savitribai Phule Pune University,India
Tulane University,United States
Universidad de Concepción,Chile
University of Portsmouth,United Kingdom
Beirut Arab University ,Lebanon
De La Salle University,Philippines
Northwestern Polytechnical University,China (Mainland)
Hacettepe University ,Turkey
Lehigh University,United States
National Central University,Taiwan
Oregon State University,United States
Ritsumeikan University,Japan
East China Normal University,China (Mainland)
Symbiosis International (Deemed University),India
Universiti Tenaga Nasional (UNITEN),Malaysia
"University of Missouri, Columbia",United States
University of the Basque Country,Spain
HUFS - Hankuk (Korea) University of Foreign Studies ,South Korea
Palacký University Olomouc,Czech Republic
Universidade de Santiago de Compostela,Spain
University of Houston,United States
University of Zagreb,Croatia
Aberystwyth University,United Kingdom
City University of New York,United States
Comenius University Bratislava,Slovakia
Free University of Bozen-Bolzano,Italy
International Islamic University Malaysia (IIUM),Malaysia
ISCTE - Instituto Universitario de Lisboa,Portugal
Memorial University of Newfoundland,Canada
National Chung Hsing University,Taiwan
"Sofia University ""St. Kliment Ohridski""",Bulgaria
Tokyo Medical and Dental University (TMDU),Japan
Universidad de la República (Udelar),Uruguay
University of Manitoba,Canada
University of Plymouth,United Kingdom
Abai Kazakh National Pedagogical University,Kazakhstan
Bar-Ilan University,Israel
Karl-Franzens-Universitaet Graz,Austria
Kazakh National Agrarian University KazNAU,Kazakhstan
Martin-Luther-Universität Halle-Wittenberg,Germany
Universidade Federal de Minas Gerais      ,Brazil
University of Haifa,Israel
Soochow University,China (Mainland)
"Goldsmiths, University of London",United Kingdom
Indian Institute of Technology Hyderabad,India
Jeonbuk National University,South Korea
Prince Sultan University,Saudi Arabia
Princess Nourah bint Abdulrahman University,Saudi Arabia
Temple University,United States
"University of Agriculture, Faisalabad ",Pakistan
University of New Brunswick,Canada
Chandigarh University,India
Norwegian University of Life Sciences (UMB),Norway
Pakistan Institute of Engineering and Applied Sciences (PIEAS),Pakistan
Shiraz University,"Iran, Islamic Republic of"
Universidad Central de Venezuela,Venezuela
Universidad de La Habana,Cuba
Universidad Panamericana (UP),Mexico
Universidade Federal de São Paulo,Brazil
Universidade Federal do Rio Grande Do Sul ,Brazil
University of Brescia,Italy
University of Greenwich,United Kingdom
University of Siena,Italy
Huazhong Agricultural University,China (Mainland)
Dongguk University ,South Korea
Lebanese American University,Lebanon
National Institute of Technology Tiruchirappalli,India
Stevens Institute of Technology,United States
Taras Shevchenko National University of Kyiv,Ukraine
University of Nebraska - Lincoln,United States
University of Oklahoma,United States
Ahlia University,Bahrain
American University,United States
COMSATS University Islamabad,Pakistan
Czech University of Life Sciences in Prague,Czech Republic
De Montfort University,United Kingdom
"Lingnan University, Hong Kong",Hong Kong SAR
Nanjing University of Aeronautics and Astronautics,China (Mainland)
Plekhanov Russian University of Economics,Russia
Saint Joseph University of Beirut (USJ) ,Lebanon
The National University of Science and Technology MISIS,Russia
Ton Duc Thang University,Vietnam
Université de Franche-Comté,France
University of Mumbai,India
Brandeis University,United States
Budapest University of Technology and Economics,Hungary
Diponegoro University,Indonesia
Drexel University,United States
Effat University,Saudi Arabia
Jadavpur University,India
Konkuk University ,South Korea
Jinan University (China),China (Mainland)
Middlesex University,United Kingdom
Riga Technical University,Latvia
Université de Lille,France
Université de Rennes 1 (University of Rennes),France
University of Modena and Reggio Emilia,Italy
University of Trieste,Italy
Universitat Rovira i Virgili,Spain
Université Côte d\'Azur,France
University of Belgrade,Serbia
Altai State University,Russia
Carleton University,Canada
Universidad Católica Andres Bello,Venezuela
Universidad de Montevideo (UM),Uruguay
Universität Regensburg,Germany
Universiti Malaysia Pahang,Malaysia
University of Central Florida,United States
University of the West of England,United Kingdom
University of Westminster,United Kingdom
V. N. Karazin Kharkiv National University,Ukraine
Victoria University ,Australia
Vytautas Magnus University,Lithuania
Wake Forest University,United States
Instituto Tecnológico Autónomo de México (ITAM),Mexico
Kaunas University of Technology,Lithuania
Technische Universität Braunschweig,Germany
Tokyo University of Science,Japan
Universidade de Brasília,Brazil
Universita' Politecnica delle Marche,Italy
University of Calcutta,India
University of Engineering & Technology (UET) Lahore,Pakistan
University of Malta,Malta
University of Messina (UniME),Italy
"Adam Mickiewicz University, Pozna?",Poland
Bangladesh University of Engineering and Technology,Bangladesh
King Faisal University,Saudi Arabia
Ocean University of China,China (Mainland)
University of Cincinnati,United States
"University of Colorado, Denver ",United States
University of Patras,Greece
Addis Ababa University,Ethiopia
Bournemouth University,United Kingdom
Chiba University,Japan
Beijing University of Posts and Telecommunications,China (Mainland)
Colegio de México,Mexico
Holy Spirit University of Kaslik ,Lebanon
Universidad del Rosario,Colombia
Université de Tunis El Manar,Tunisia
"University of Maryland, Baltimore County",United States
University of Pecs,Hungary
Verona University,Italy
Babes-Bolyai University,Romania
Kasetsart University,Thailand
National University of Uzbekistan,Uzbekistan
Qassim University,Saudi Arabia
Texas Tech University,United States
The New School,United States
Universidad de Belgrano,Argentina
Universidade Federal de Santa Catarina ,Brazil
University of Latvia,Latvia
University of Mons ,Belgium
Zurich University of Applied Sciences (ZHAW),Switzerland
Alfaisal University,Saudi Arabia
Ivane Javakhishvili Tbilisi State University,Georgia
Keele University ,United Kingdom
New Jersey Institute of Technology (NJIT),United States
Sechenov University,Russia
Universidad de Antioquia,Colombia
University of Kentucky,United States
University of New Mexico,United States
Vellore Institute of Technology (VIT),India
Wayne State University,United States
Al-Ahliyya Amman University,Jordan
Alexandria University ,Egypt
Ankara Üniversitesi,Turkey
Asia University Taiwan,Taiwan
Donghua University,China (Mainland)
Belarusian National Technical University (BNTU),Belarus
"Birla Institute of Technology and Science, Pilani",India
Edinburgh Napier University,United Kingdom
Gda?sk University of Technology,Poland
Wuhan University of Technology,China (Mainland)
Immanuel Kant Baltic Federal University,Russia
Instituto Politécnico Nacional (IPN),Mexico
Jouf University,Saudi Arabia
Khoja Akhmet Yassawi International Kazakh-Turkish University,Kazakhstan
Kuwait University,Kuwait
Liverpool John Moores University,United Kingdom
London South Bank University,United Kingdom
Maynooth University,Ireland
"National Technical University of Ukraine ""Igor Sikorsky Kyiv Polytechnic Institute""",Ukraine
Lanzhou University,China (Mainland)
Philipps-Universität Marburg ,Germany
Pontificia Universidad Católica de Valparaíso,Chile
Rutgers University–Newark,United States
Syracuse University,United States
The Catholic University of Korea ,South Korea
Toronto Metropolitan University,Canada
TU Dortmund University,Germany
Universidad Anáhuac México,Mexico
Universidad Iberoamericana IBERO,Mexico
Universidad San Francisco de Quito (USFQ),Ecuador
Università degli Studi di Perugia,Italy
Universitas Brawijaya ,Indonesia
Universität Duisburg-Essen,Germany
Universität Rostock,Germany
Université de Lorraine,France
Universiti Tunku Abdul Rahman (UTAR),Malaysia
University of Alaska Fairbanks,United States
University of Alicante,Spain
University of Baghdad,Iraq
University of Bari,Italy
University of Brighton,United Kingdom
University of Bucharest,Romania
University of Hyderabad,India
University of Oregon,United States
University of Petroleum and Energy Studies (UPES),India
University of Salerno,Italy
University of Stavanger,Norway
University of Ulsan ,South Korea
Northwest Agriculture and Forestry University,China (Mainland)
AGH University of Science and Technology,Poland
Al-Quds University,"Palestinian Territory, Occupied"
Applied Science Private University - Jordan,Jordan
Charles Sturt University ,Australia
Chonnam National University,South Korea
Chungnam National University,South Korea
Clarkson University,United States
CY Cergy Paris University,France
Beijing University of Technology,China (Mainland)
Georgia State University,United States
Gulf University for Science and Technology,Kuwait
Jamia Millia Islamia,India
Kansas State University ,United States
Karaganda State Technical University,Kazakhstan
Kyrgyz Russian Slavic University,Kyrgyzstan
Mendel University in Brno,Czech Republic
Nagasaki University,Japan
Beijing Jiaotong University,China (Mainland)
North-West University,South Africa
Okayama University,Japan
Oklahoma State University ,United States
Pavol Jozef Šafárik University in Košice,Slovakia
Poznan University of Life Sciences,Poland
Shahid Beheshti University (SBU),"Iran, Islamic Republic of"
Swarthmore College,United States
Technological University Dublin,Ireland
Thapar Institute of Engineering & Technology,India
Tokyo University of Agriculture and Technology ,Japan
Universidad de Valladolid,Spain
Universidad ORT Uruguay,Uruguay
Universita' degli Studi di Ferrara,Italy
Université de Nantes,France
Université de Sherbrooke,Canada
Université du Québec,Canada
University at Albany SUNY,United States
University Duesseldorf,Germany
University of Dubai,United Arab Emirates
UNIVERSITY OF GDANSK,Poland
University of Ghana,Ghana
University of Hertfordshire,United Kingdom
University of Lincoln,United Kingdom
University of Mississippi,United States
University of Palermo,Italy
University of Santo Tomas,Philippines
University of South Africa,South Africa
University of Wroclaw,Poland
"Vietnam National University, Hanoi ",Vietnam
Vilnius Gediminas Technical University,Lithuania
Virginia Commonwealth University,United States
Yildiz Technical University,Turkey
Australian Catholic University,Australia
China University of Geosciences,China (Mainland)
Harbin Engineering University,China (Mainland)
Catania University,Italy
Future University in Egypt,Egypt
Gazi Üniversitesi,Turkey
Georgian Technical University,Georgia
German Jordanian University,Jordan
Imam Mohammad Ibn Saud Islamic University – IMSIU,Saudi Arabia
Kanazawa University,Japan
Karaganda Buketov University,Kazakhstan
Kyrgyz-Turkish Manas University,Kyrgyzstan
Louisiana State University,United States
Makerere University,Uganda
"Manipal Academy of Higher Education, Manipal, Karnataka, India",India
Michigan Technological University,United States
National Research Saratov State University,Russia
Nicolaus Copernicus University ,Poland
North South University,Bangladesh
Osaka Metropolitan University,Japan
Princess Sumaya University for Technology,Jordan
Ritsumeikan Asia Pacific University,Japan
Robert Gordon University,United Kingdom
South Ural State University (National Research University),Russia
Universidad Católica del Uruguay (UCU),Uruguay
"Universidad Central ""Marta Abreu"" de Las Villas",Cuba
Universidad EAFIT,Colombia
Universidad Externado de Colombia ,Colombia
Universidad Nacional de Córdoba - UNC,Argentina
Universidad Nacional Mayor de San Marcos,Peru
Universidad Pontificia Bolivariana ,Colombia
Universidade Católica Portuguesa - UCP,Portugal
Universidade de Vigo,Spain
Università degli Studi della Tuscia (University of Tuscia),Italy
Università degli studi Roma Tre,Italy
"University of Alabama, Birmingham",United States
University of Calabria,Italy
University of East London,United Kingdom
University of Hail,Saudi Arabia
University of Lodz,Poland
University of Maribor,Slovenia
University of Murcia,Spain
University of Nairobi,Kenya
University of Peshawar,Pakistan
University of Salford,United Kingdom
University Paris 2 Panthéon-Assas,France
Viet Nam National University Ho Chi Minh City (VNU-HCM),Vietnam
Worcester Polytechnic Institute,United States
Wroclaw University of Science and Technology (WRUST),Poland
Yerevan State University,Armenia
Yokohama City University,Japan
Almaty Technological University,Kazakhstan
Athens University of Economics and Business,Greece
Auburn University,United States
Baku State University,Azerbaijan
Bina Nusantara University (BINUS),Indonesia
Clark University,United States
Clemson University,United States
D. Serikbayev East Kazakhstan state technical university,Kazakhstan
Ferdowsi University of Mashhad,"Iran, Islamic Republic of"
Financial University under the Government of the Russian Federation,Russia
Hallym University ,South Korea
Indian Institute of Technology Bhubaneswar,India
Instituto Tecnológico de Buenos Aires (ITBA),Argentina
Khon Kaen University,Thailand
King Mongkut's University of Technology Thonburi ,Thailand
Kumamoto University,Japan
Mansoura University,Egypt
Niigata University,Japan
Northern Borders University,Saudi Arabia
Pontificia Universidad Católica del Ecuador (PUCE),Ecuador
Prince of Songkla University,Thailand
"Queen Margaret University , Edinburgh",United Kingdom
Rhodes University ,South Africa
Riga Stradins University,Latvia
S.D. Asfendiyarov Kazakh National Medical University,Kazakhstan
Saveetha Institute of Medical and Technical Sciences (deemed to be university),India
Sophia University ,Japan
Southern Federal University,Russia
St. Louis University,United States
The University of Alabama,United States
The University of Lahore,Pakistan
Universidad Autónoma Metropolitana (UAM),Mexico
Universidad de Córdoba - España,Spain
Universidad de La Sabana,Colombia
Universidad de León,Spain
Universidad de los Andes - Chile,Chile
Universidad de San Andrés - UdeSA,Argentina
Universidad Nacional de Rosario (UNR),Argentina
Universidad Técnica Federico Santa María (USM),Chile
Universidad Torcuato Di Tella,Argentina
Université Sorbonne Paris Nord,France
Université Toulouse 1 Capitole,France
Universiti Pendidikan Sultan Idris (UPSI),Malaysia
University of Bahrain,Bahrain
University of Central Lancashire,United Kingdom
University of Colombo,Sri Lanka
University of Denver,United States
University of Parma,Italy
University of Regina,Canada
University of South Bohemia,Czech Republic
University of the Western Cape,South Africa
Yarmouk University,Jordan
Yeungnam University ,South Korea
Al-Azhar University,Egypt
Aligarh Muslim University,India
Amity University,India
Amrita Vishwa Vidyapeetham,India
An-Najah National University,"Palestinian Territory, Occupied"
"Arab Academy for Science, Technology and Maritime Transport",Egypt
Assiut University ,Egypt
Azerbaijan State Oil and Industry University,Azerbaijan
Azerbaijan State University of Economics,Azerbaijan
Banaras Hindu University,India
Baylor University,United States
Bielefeld University,Germany
Binghamton University SUNY,United States
Birmingham City University ,United Kingdom
BRAC University,Bangladesh
Brigham Young University,United States
Canterbury Christ Church University,United Kingdom
Chang Jung Christian University,Taiwan
Chung Yuan Christian University,Taiwan
Chungbuk National University,South Korea
College of William and Mary,United States
Corvinus University of Budapest,Hungary
Cracow University of Technology (Politechnika Krakowska),Poland
Dankook University ,South Korea
EGE UNIVERSITY,Turkey
Escuela Superior Politécnica del Litoral (ESPOL),Ecuador
Fordham University ,United States
Gebze Technical University (GTU),Turkey
George Mason University,United States
Gifu University,Japan
Glasgow Caledonian University,United Kingdom
Gunma University,Japan
Guru Gobind Singh Indraprastha University,India
Jilin University,China (Mainland)
Nanjing Normal University,China (Mainland)
Howard University,United States
Hungarian University of Agriculture and Life Sciences,Hungary
Indiana University–Purdue University Indianapolis,United States
International Christian University,Japan
International Islamic University Islamabad (IIU),Pakistan
Islamic University of Madinah,Saudi Arabia
"ITESO, Universidad Jesuita de Guadalajara",Mexico
Jiangnan University,China (Mainland)
Kagoshima University,Japan
Kangwon National University ,South Korea
Kazakh-British Technical University,Kazakhstan
Kent State University,United States
Kyushu Institute of Technology ,Japan
Leeds Beckett University,United Kingdom
Lobachevsky University,Russia
Lodz University of Technology,Poland
London Metropolitan University,United Kingdom
Loyola University Chicago,United States
Lviv Polytechnic National University,Ukraine
Marmara University,Turkey
Mississippi State University,United States
Multimedia University (MMU),Malaysia
Mustansiriyah University,Iraq
Mutah University,Jordan
Mykolas Romeris University,Lithuania
Southwest University,China (Mainland)
Narxoz University,Kazakhstan
National Chung Cheng University,Taiwan
"National Technical University ""Kharkiv Polytechnic Institute""",Ukraine
National University of Kyiv-Mohyla Academy (NaUKMA),Ukraine
NJSC KIMEP University,Kazakhstan
Northern Arizona University,United States
Northwest University (China),China (Mainland)
O.P. Jindal Global University,India
Ohio University,United States
Panjab University,India
Paul Valéry University Montpellier,France
Pontifícia Universidade Católica de São Paulo,Brazil
Pozna? University of Technology,Poland
Rochester Institute of Technology (RIT),United States
Russian Presidential Academy of National Economy and Public Administration,Russia
Saint Petersburg Electrotechnical University ETU-LETI,Russia
Saint-Petersburg Mining University,Russia
Samara National Research University (Samara University),Russia
San Diego State University,United States
Sheffield Hallam University,United Kingdom
Shinshu University ,Japan
"Siberian Federal University, SibFU",Russia
Silesian University of Technology,Poland
Slovak University of Agriculture in Nitra,Slovakia
Slovak University of Technology in Bratislava,Slovakia
Sohar University,Oman
Soonchunhyang University,South Korea
Southern Methodist University,United States
Hohai University,China (Mainland)
SRM INSTITUTE OF SCIENCE AND TECHNOLOGY,India
Sumy State University,Ukraine
Sungshin Women's University,South Korea
Széchenyi István University,Hungary
Taibah University,Saudi Arabia
Tallinn University ,Estonia
Technical University of Kosice,Slovakia
Tecnológico de Costa Rica -TEC,Costa Rica
Telkom University,Indonesia
The Hashemite University,Jordan
The University of Northampton,United Kingdom
The University of Texas at Arlington,United States
Tokushima University,Japan
Tokyo Metropolitan University,Japan
Universidad Andrés Bello,Chile
Universidad Austral de Chile,Chile
Universidad Autónoma Chapingo,Mexico
Universidad Autónoma de Nuevo León,Mexico
Universidad Autónoma del Estado de México (UAEMex),Mexico
Universidad de Castilla-La Mancha,Spain
Universidad de Guadalajara (UDG),Mexico
Universidad de La Frontera (UFRO),Chile
Universidad de las Américas Puebla (UDLAP),Mexico
Universidad de Lima,Peru
Universidad de Los Andes - (ULA) Mérida,Venezuela
Universidad de Oviedo,Spain
Universidad de Puerto Rico,Puerto Rico
Universidad de Talca,Chile
Universidad del Norte ,Colombia
Universidad del Pacífico,Peru
Universidad del Valle,Colombia
Universidad Diego Portales (UDP),Chile
Universidad ICESI,Colombia
Universidad Nacional de Cuyo,Argentina
Universidad Nacional de la Asunción,Paraguay
Universidad Nacional de San Luis,Argentina
Universidad Nacional del Centro de la Provincia de Buenos Aires (UNICEN),Argentina
Universidad Peruana Cayetano Heredia (UPCH),Peru
Universidad Rey Juan Carlos,Spain
Universidad Simón Bolívar (USB),Venezuela
Universidad Tecnológica de Panamá (UTP),Panama
Universidad Tecnológica Nacional (UTN),Argentina
Universidade da Coruña ,Spain
Universidade Federal de Pernambuco (UFPE) ,Brazil
Universidade Federal de São Carlos (UFSCar),Brazil
Universidade Federal do Paraná - UFPR,Brazil
Universidade Federal Fluminense ,Brazil
"Universita' degli Studi ""G. d'Annunzio"" Chieti Pescara",Italy
Università degli Studi di Udine,Italy
Università del Salento,Italy
Universitas Hasanuddin,Indonesia
Universitas Sebelas Maret,Indonesia
Universitat de Lleida,Spain
Universität Siegen,Germany
Université de Caen Normandie,France
Université de Poitiers,France
Université de Sfax,Tunisia
Université de Sousse,Tunisia
Université de Toulouse II-Le Mirail,France
Université de Tunis,Tunisia
Université Lumière Lyon 2,France
Université Mohammed V de Rabat,Morocco
Université Paris-Nanterre,France
Universiti Malaysia Sabah (UMS),Malaysia
Universiti Malaysia Sarawak (UNIMAS),Malaysia
Universiti Malaysia Terengganu (UMT),Malaysia
Universiti Tun Hussein Onn University of Malaysia (UTHM),Malaysia
University of Arkansas Fayetteville ,United States
University of Derby,United Kingdom
University of Deusto,Spain
University of Hradec Kralove,Czech Republic
University of Ibadan,Nigeria
University of Idaho,United States
University of Ioannina,Greece
University of Karachi,Pakistan
University of Khartoum,Sudan
University of Lagos,Nigeria
University of Louisville,United States
University of Massachusetts Boston,United States
"University of Missouri, Kansas City",United States
University of Naples Parthenope,Italy
University of New England Australia,Australia
University of New Hampshire,United States
University of North Carolina at Charlotte,United States
University of North Texas,United States
University of Novi Sad,Serbia
University of Rhode Island ,United States
University of Sarajevo ,Bosnia and Herzegovina
University of Seoul ,South Korea
University of Tabuk,Saudi Arabia
University of Texas at San Antonio,United States
University of Texas El Paso ,United States
University of the Free State,South Africa
University of the Sunshine Coast ,Australia
University of Toledo,United States
University of Tulsa,United States
University of Vermont,United States
University of Warmia and Mazury in Olsztyn,Poland
University of Wolverhampton,United Kingdom
University of Wyoming,United States
University of Žilina,Slovakia
Utah State University ,United States
VSB - Technical University of Ostrava,Czech Republic
Warsaw University of Life Sciences – SGGW (WULS-SGGW),Poland
West Virginia University,United States
Xi'an Jiaotong Liverpool University,China (Mainland)
Yokohama National University,Japan
Al-Balqa Applied University,Jordan
Alexandru Ioan Cuza University,Romania
Anadolu University,Turkey
Aoyama Gakuin University,Japan
Ataturk University,Turkey
Atma Jaya Catholic University Jakarta,Indonesia
Bahauddin Zakariya University ,Pakistan
Beijing Foreign Studies University,China (Mainland)
Beijing University of Chinese Medicine,China (Mainland)
Belarusian State University of Informatics and Radioelectronics,Belarus
Benemérita Universidad Autónoma de Puebla,Mexico
Birzeit university,"Palestinian Territory, Occupied"
British University in Egypt,Egypt
Brock University,Canada
Central Michigan University,United States
Chaoyang University of Technology,Taiwan
China University of Political Science and Law,China (Mainland)
Chitkara University,India
Chittagong University of Engineering and Technology,Bangladesh
Cleveland State University,United States
Cukurova University,Turkey
CUNY The City College of New York,United States
Daffodil International University,Bangladesh
Damascus University,Syrian Arab Republic
Dokuz Eylül Üniversitesi,Turkey
Doshisha University,Japan
Erciyes Üniversitesi,Turkey
Escuela Politécnica Nacional,Ecuador
Feng Chia University,Taiwan
Florida Atlantic University - Boca Raton,United States
Fu Jen Catholic University,Taiwan
Fundación CEU San Pablo,Spain
German University in Cairo,Egypt
Hanoi University of Science and Technology,Vietnam
Harper Adams University,United Kingdom
Helwan University ,Egypt
Hongik University ,South Korea
Hue University,Vietnam
Instituto Tecnológico de Santo Domingo (INTEC),Dominican Republic
Istanbul Aydin University  ,Turkey
Istanbul Bilgi Üniversitesi,Turkey
Ivan Franko National University of Lviv,Ukraine
Izmir Institute of Technology (IZTECH),Turkey
Jahangirnagar University,Bangladesh
Jamia Hamdard,India
Jeju National University ,South Korea
Kazakh Ablai Khan University of International Relations and World Languages,Kazakhstan
Kazan National Research Technological University,Russia
Kenyatta University,Kenya
Kharkiv National University of Radio Electronics ,Ukraine
Khulna University,Bangladesh
Khulna University of Engineering and Technology,Bangladesh
Kindai University (Kinki University),Japan
King Mongkut\'s Institute of Technology Ladkrabang,Thailand
King Mongkut's University of Technology North Bangkok,Thailand
Kookmin University ,South Korea
Kwame Nkrumah University of Science and Technology,Ghana
Kyoto Institute of Technology,Japan
Kyrgyz State Technical University,Kyrgyzstan
Marquette University,United States
Meiji University,Japan
Mendeleev University of Chemical Technology,Russia
Miami University,United States
Moscow Pedagogical State University,Russia
Nagoya Institute of Technology (NIT),Japan
National Dong Hwa University,Taiwan
National Research University Moscow Power Engineering Institute (MPEI),Russia
National Taipei University,Taiwan
National Taiwan Ocean University,Taiwan
Novosibirsk State Technical University,Russia
Óbuda University,Hungary
Odessa I.I. Mechnikov National University,Ukraine
OSMANIA UNIVERSITY,India
Perm State National Research University,Russia
Pondicherry University,India
Pontificia Universidad Catolica Madre y Maestra,Dominican Republic
Pontifícia Universidade Católica do Rio Grande do Sul (PUCRS),Brazil
Portland State University,United States
Pukyong National University ,South Korea
Rajshahi University,Bangladesh
Rikkyo University,Japan
Saitama University,Japan
Saken Seifullin Kazakh Agrotechnical University,Kazakhstan
San Francisco State University,United States
Sathyabama Institute of Science and Technology (deemed to be university),India
Seattle University,United States
Seoul National University of Science and Technology,South Korea
Shahjalal University of Science and Technology,Bangladesh
Shanghai International Studies University,China (Mainland)
Shanghai University of Finance and Economics,China (Mainland)
Siksha 'O' Anusandhan (Deemed to be University),India
Sookmyung Women's University ,South Korea
Suez Canal University,Egypt
Suleyman Demirel University,Turkey
"Suleyman Demirel University, Kazakhstan",Kazakhstan
Suranaree University of Technology ,Thailand
Tamkang University,Taiwan
Tanta University ,Egypt
Technical University of Cluj-Napoca,Romania
Technical University of Liberec,Czech Republic
Technical University of Lublin,Poland
Technische Universität Kaiserslautern,Germany
"The ""Gheorghe Asachi"" Technical University of Iasi",Romania
The Herzen State Pedagogical University of Russia,Russia
The Josip Juraj Strossmayer University of Osijek,Croatia
"The National Research University ""Belgorod State University""",Russia
Tokai University,Japan
Tomas Bata University in Zlin,Czech Republic
Toraighyrov University,Kazakhstan
Transilvania University of Brasov,Romania
Tunghai University,Taiwan
Universidad Autónoma de Guadalajara (UAG),Mexico
Universidad Autónoma del Estado de Hidalgo (UAEH),Mexico
Universidad Católica del Norte,Chile
Universidad Central del Ecuador,Ecuador
Universidad de Las Américas (UDLA) Ecuador,Ecuador
Universidad de Monterrey (UDEM),Mexico
Universidad de Oriente Santiago de Cuba,Cuba
Universidad de Panama,Panama
Universidad de Piura,Peru
Universidad de San Carlos de Guatemala - USAC,Guatemala
Universidad de Tarapaca,Chile
Universidad de Valparaíso (UV),Chile
Universidad del Bío-Bío,Chile
Universidad del Desarrollo (UDD),Chile
Universidad del Salvador,Argentina
Universidad del Zulia,Venezuela
Universidad Industrial de Santander - UIS,Colombia
Universidad La Salle (ULSA),Mexico
Universidad Latinoamericana de Ciencia y Tecnología Costa Rica (ULACIT),Costa Rica
Universidad Mayor de San Andrés (UMSA),Bolivia
Universidad Metropolitana,Venezuela
Universidad Nacional Agraria la Molina,Peru
Universidad Nacional Autónoma de Honduras (UNAH),Honduras
Universidad Nacional de Ingeniería Peru,Peru
Universidad Nacional de Mar del Plata,Argentina
Universidad Nacional de Río Cuarto - UNRC,Argentina
Universidad Nacional de San Martín (UNSAM),Argentina
Universidad Nacional del Litoral,Argentina
Universidad Nacional del Sur,Argentina
"Universidad Nacional, Costa Rica",Costa Rica
Universidad Peruana de Ciencias Aplicadas,Peru
Universidade do Estado do Rio de Janeiro (UERJ),Brazil
Universidade Federal da Bahia,Brazil
Universidade Federal de Juiz de Fora- (UFJF),Brazil
Universidade Federal de Pelotas ,Brazil
Universidade Federal de Santa Maria,Brazil
Universidade Federal de Viçosa (UFV),Brazil
Universidade Federal do Ceará (UFC),Brazil
Universidade Federal do Rio Grande Do Norte,Brazil
Universidade Presbiteriana Mackenzie,Brazil
Università degli studi di Bergamo,Italy
Universitas Islam Indonesia,Indonesia
Universitas Muhammadiyah Yogyakarta,Indonesia
Universitas Pendidikan Indonesia,Indonesia
Universitas Sumatera Utara,Indonesia
Universitatea de Vest din Timisoara / West University of Timisoara,Romania
Université de Limoges,France
Université Jean Moulin Lyon 3,France
Universiti Kuala Lumpur (UniKL),Malaysia
Universiti Malaysia Perlis,Malaysia
Universiti Teknikal Malaysia Melaka,Malaysia
University of Babylon,Iraq
University of Basrah,Iraq
University of Bialystok,Poland
University of International Business and Economics,China (Mainland)
University of Kragujevac,Serbia
University of Kufa,Iraq
University of Memphis,United States
University of Miskolc ,Hungary
University of Missouri Saint Louis,United States
University of Niš,Serbia
University of North Carolina at Greensboro,United States
University of Ostrava,Czech Republic
University of Pannonia,Hungary
University of Pardubice,Czech Republic
University of Peradeniya ,Sri Lanka
University of Primorska,Slovenia
University of Rijeka,Croatia
University of Rzeszów,Poland
University of San Diego,United States
University of San Francisco,United States
University of Silesia in Katowice,Poland
University of South Alabama (USA),United States
University of Split,Croatia
University of Sri Jayewardenepura,Sri Lanka
University of the Pacific,United States
University of Tyumen,Russia
University of West Bohemia ,Czech Republic
University of Wisconsin Milwaukee ,United States
University POLITEHNICA of Bucharest,Romania
Vancouver Island University,Canada
Voronezh State University,Russia
Western Michigan University,United States
Yamaguchi University ,Japan
Yogyakarta State University,Indonesia
Youngsan University,South Korea
Yuan Ze University,Taiwan
Zagazig University,Egypt
 Don State Technical University,Russia
Akdeniz Üniversitesi,Turkey
California Polytechnic State University,United States
California State University - Los Angeles,United States
"California State University, Long Beach",United States
Católica de Córdoba,Argentina
East West University,Bangladesh
Fundación Universidad De Bogotá-Jorge Tadeo Lozano,Colombia
Humboldt State University,United States
Illinois State University,United States
"Indian Institute of Information Technology, Allahabad",India
Indiana State University,United States
"International University of Business, Agriculture and Technology (IUBAT)",Bangladesh
Irkutsk State University,Russia
Korkyt Ata Kyzylorda University,Kazakhstan
Kwansei Gakuin University,Japan
Lucian Blaga University of Sibiu,Romania
M.Kh. Dulaty Taraz Regional University,Kazakhstan
MIREA - Russian Technological University,Russia
Moscow City University,Russia
Naresuan University,Thailand
National University of Life and Environmental Sciences of Ukraine,Ukraine
"National University of Modern Languages (NUML), Islamabad",Pakistan
Nova Southeastern University,United States
Pontifícia Universidade Católica de Minas Gerais – PUC Minas,Brazil
Pontificia Universidade Católica do Campinas - PUC Campinas,Brazil
Pontifícia Universidade Católica do Paraná,Brazil
Russian State Agrarian University - Moscow Timiryazev Agricultural Academy,Russia
Russian State University for the Humanities ,Russia
Sakarya University,Turkey
Shanghai Normal University,China (Mainland)
Shibaura Institute of Technology,Japan
Silpakorn University,Thailand
Soochow University (Taiwan),Taiwan
Soongsil University,South Korea
Stamford University Bangladesh,Bangladesh
State University of Malang,Indonesia
Stefan cel Mare University of Suceava,Romania
"The University of Notre Dame, Australia",Australia
Udayana University,Indonesia
United International University,Bangladesh
Universidad Alberto Hurtado,Chile
Universidad Autónoma de Aguascalientes,Mexico
Universidad Autónoma de Baja California,Mexico
Universidad Autónoma de Chile,Chile
Universidad Autónoma de Querétaro (UAQ),Mexico
Universidad Autónoma de San Luis de Potosí,Mexico
Universidad Autonoma de Yucatan,Mexico
Universidad Autónoma del Estado de Morelos (UAEM),Mexico
Universidad Bernardo O'Higgins,Chile
"Universidad Católica Boliviana ""San Pablo""",Bolivia
Universidad Católica de Colombia ,Colombia
Universidad Católica de La Santísima Concepción - UCSC,Chile
Universidad Católica de Santiago de Guayaquil,Ecuador
Universidad Católica de Temuco,Chile
Universidad Central de Chile,Chile
Universidad de Caldas,Colombia
Universidad de Carabobo,Venezuela
Universidad de Cartagena,Colombia
Universidad de Córdoba - Colombia,Colombia
Universidad de Cuenca,Ecuador
Universidad de Guanajuato,Mexico
Universidad de La Salle,Colombia
Universidad de La Serena,Chile
Universidad de las Fuerzas Armadas ESPE (Ex - Escuela Politécnica del Ejército),Ecuador
Universidad de Medellín,Colombia
Universidad de Santander - UDES,Colombia
Universidad de Sonora,Mexico
Universidad del Cauca,Colombia
Universidad del Valle de Mexico (UVM),Mexico
Universidad Michoacana de San Nicolás de Hidalgo,Mexico
Universidad Nacional de Quilmes,Argentina
Universidad Nacional de Tucumán,Argentina
Universidad Nacional del Comahue,Argentina
UNIVERSIDAD POLITECNICA SALESIANA,Ecuador
Universidad Popular Autónoma del Estado de Puebla (UPAEP),Mexico
Universidad San Ignacio de Loyola,Peru
Universidad Tecnica Particular De Loja (UTPL),Ecuador
Universidad Tecnológica de Bolívar,Colombia
"Universidad Tecnológica de la Habana José Antonio Echeverría, Cujae",Cuba
Universidad Tecnológica de Pereira,Colombia
Universidad Veracruzana,Mexico
Universidade do Estado de Santa Catarina,Brazil
Universidade Estadual de Londrina,Brazil
Universidade Federal da Paraíba,Brazil
Universidade Federal de Goiás,Brazil
Universidade Federal de Uberlândia,Brazil
Universidade Federal do Estado do Rio de Janeiro - UNIRIO,Brazil
Universidade Federal do Parà - UFPA,Brazil
Universitas Andalas,Indonesia
Universitas Kristen Petra,Indonesia
Universitas Muhammadiyah Surakarta,Indonesia
Universiti Sains Islam Malaysia,Malaysia
University of Central Oklahoma,United States
University of Craiova,Romania
University of Lampung,Indonesia
University of Mataram,Indonesia
University of Montana Missoula ,United States
University of Oradea,Romania
University of San Carlos,Philippines
"University Politehnica of Timisoara, UPT",Romania
Western Washington University,United States